; LEDTOUCH 2.4; ANALYSIS/7690KQPW/LEDTOUCH.SYS
; SHA256 1c3dc5a2c4a9c6d422f03f92db6b3bcc2b314939603a117594e9573eb7ee2613
; Offsets are SYS-file-relative. C=reachable decoded instruction; D=unclassified/data.
; Code roots include both dispatch tables. Indirect transfers remain explicitly catalogued.
; A code label establishes static reachability, not physical execution or a public ABI.
0000  ffffffff00800b031603504f494e5420  D ..........POINT 
0010  2020434f505952494748542049424d20  D   COPYRIGHT IBM 
0020  436f72706f726174696f6e2031393836  D Corporation 1986
0030  2c203139383900000000737461636b20  D , 1989....stack 
0040  737461636b20737461636b2073746163  D stack stack stac
0050  6b20737461636b20737461636b207374  D k stack stack st
0060  61636b20737461636b20737461636b20  D ack stack stack 
0070  737461636b20737461636b2073746163  D stack stack stac
0080  6b20737461636b20737461636b207374  D k stack stack st
0090  61636b20737461636b20737461636b20  D ack stack stack 
00A0  737461636b20737461636b2073746163  D stack stack stac
00B0  6b20737461636b20737461636b207374  D k stack stack st
00C0  61636b20737461636b20737461636b20  D ack stack stack 
00D0  737461636b20737461636b2073746163  D stack stack stac
00E0  6b20737461636b20737461636b207374  D k stack stack st
00F0  61636b20737461636b20737461636b20  D ack stack stack 
0100  737461636b20737461636b2073746163  D stack stack stac
0110  6b20737461636b20737461636b207374  D k stack stack st
0120  61636b20737461636b20737461636b20  D ack stack stack 
0130  737461636b20737461636b2073746163  D stack stack stac
0140  6b20737461636b20737461636b207374  D k stack stack st
0150  61636b20737461636b20737461636b20  D ack stack stack 
0160  737461636b20737461636b2073746163  D stack stack stac
0170  6b20737461636b20737461636b207374  D k stack stack st
0180  61636b20737461636b20737461636b20  D ack stack stack 
0190  737461636b20737461636b2073746163  D stack stack stac
01A0  6b20737461636b20737461636b207374  D k stack stack st
01B0  61636b20737461636b20737461636b20  D ack stack stack 
01C0  737461636b20737461636b2073746163  D stack stack stac
01D0  6b20737461636b20737461636b207374  D k stack stack st
01E0  61636b20737461636b20737461636b20  D ack stack stack 
01F0  737461636b20737461636b2073746163  D stack stack stac
0200  6b20737461636b20737461636b207374  D k stack stack st
0210  61636b20737461636b20737461636b20  D ack stack stack 
0220  737461636b20737461636b2073746163  D stack stack stac
0230  6b20737461636b20737461636b207374  D k stack stack st
0240  61636b20737461636b20737461636b20  D ack stack stack 
0250  737461636b20737461636b2073746163  D stack stack stac
0260  6b20737461636b20737461636b207374  D k stack stack st
0270  61636b20737461636b20000000000000  D ack stack ......
0280  00000000000000000000000000000000  D ................
0290  00000000000000000000000000000000  D ................
02A0  00000000000000000000000000000000  D ................
02B0  00000000000000000000000000000000  D ................
02C0  00000000000000000000000000000000  D ................
02D0  00000000000000000000000000000000  D ................
02E0  0000000000000000001c051504150415  D ................
02F0  046703ba03dc03e403f203f203150415  D .g..............
0300  041504fd03080415041504            D ...........
; dos_strategy:
030B  2e8c06e502                        C mov word ptr cs:[0x2e5], es
0310  2e891ee702                        C mov word ptr cs:[0x2e7], bx
0315  cb                                C retf 
; dos_interrupt:
0316  50                                C push ax
0317  2e8c163600                        C mov word ptr cs:[0x36], ss
031C  2e89263800                        C mov word ptr cs:[0x38], sp
0321  fa                                C cli 
0322  8cc8                              C mov ax, cs
0324  8ed0                              C mov ss, ax
0326  bc7a02                            C mov sp, 0x27a
0329  fb                                C sti 
032A  53                                C push bx
032B  51                                C push cx
032C  52                                C push dx
032D  57                                C push di
032E  56                                C push si
032F  1e                                C push ds
0330  06                                C push es
0331  0e                                C push cs
0332  1f                                C pop ds
0333  fc                                C cld 
0334  8b1ee702                          C mov bx, word ptr [0x2e7]
0338  8e06e502                          C mov es, word ptr [0x2e5]
033C  bfe902                            C mov di, 0x2e9
033F  268a4702                          C mov al, byte ptr es:[bx + 2]
0343  32e4                              C xor ah, ah
0345  3d1000                            C cmp ax, 0x10
0348  7202                              C jb 0x34c
034A  b010                              C mov al, 0x10
; loc_034C:
034C  d1e0                              C shl ax, 1
034E  03f8                              C add di, ax
0350  ff15                              C call word ptr [di]
0352  07                                C pop es
0353  1f                                C pop ds
0354  5e                                C pop si
0355  5f                                C pop di
0356  5a                                C pop dx
0357  59                                C pop cx
0358  5b                                C pop bx
0359  fa                                C cli 
035A  2e8e163600                        C mov ss, word ptr cs:[0x36]
035F  2e8b263800                        C mov sp, word ptr cs:[0x38]
0364  fb                                C sti 
0365  58                                C pop ax
0366  cb                                C retf 
; dos_command_04:
0367  33d2                              C xor dx, dx
0369  268b4f12                          C mov cx, word ptr es:[bx + 0x12]
036D  23c9                              C and cx, cx
036F  7435                              C je 0x3a6
0371  a17d02                            C mov ax, word ptr [0x27d]
0374  23c0                              C and ax, ax
0376  7503                              C jne 0x37b
0378  e8ae00                            C call 0x429
; loc_037B:
037B  268b7f0e                          C mov di, word ptr es:[bx + 0xe]
037F  268b4710                          C mov ax, word ptr es:[bx + 0x10]
0383  8ec0                              C mov es, ax
0385  a17d02                            C mov ax, word ptr [0x27d]
0388  23c0                              C and ax, ax
038A  741a                              C je 0x3a6
038C  3bc1                              C cmp ax, cx
038E  7302                              C jae 0x392
0390  8bc8                              C mov cx, ax
; loc_0392:
0392  8bd1                              C mov dx, cx
0394  8b367f02                          C mov si, word ptr [0x27f]
0398  010e7f02                          C add word ptr [0x27f], cx
039C  290e7d02                          C sub word ptr [0x27d], cx
03A0  81c68102                          C add si, 0x281
03A4  f3a4                              C rep movsb byte ptr es:[di], byte ptr [si]
; loc_03A6:
03A6  8b1ee702                          C mov bx, word ptr [0x2e7]
03AA  8e06e502                          C mov es, word ptr [0x2e5]
03AE  26895712                          C mov word ptr es:[bx + 0x12], dx
03B2  b80002                            C mov ax, 0x200
03B5  26894703                          C mov word ptr es:[bx + 3], ax
03B9  c3                                C ret 
; dos_command_05:
03BA  833e7d0200                        C cmp word ptr [0x27d], 0
03BF  7413                              C je 0x3d4
03C1  8b367f02                          C mov si, word ptr [0x27f]
03C5  81c68102                          C add si, 0x281
03C9  ac                                C lodsb al, byte ptr [si]
03CA  2688470d                          C mov byte ptr es:[bx + 0xd], al
03CE  b80002                            C mov ax, 0x200
03D1  eb04                              C jmp 0x3d7
03D3  90                                D .
; loc_03D4:
03D4  b80001                            C mov ax, 0x100
; loc_03D7:
03D7  26894703                          C mov word ptr es:[bx + 3], ax
03DB  c3                                C ret 
; dos_command_06:
03DC  b80002                            C mov ax, 0x200
03DF  26894703                          C mov word ptr es:[bx + 3], ax
03E3  c3                                C ret 
; dos_command_07:
03E4  c7067d020000                      C mov word ptr [0x27d], 0
03EA  b80002                            C mov ax, 0x200
03ED  26894703                          C mov word ptr es:[bx + 3], ax
03F1  c3                                C ret 
; dos_command_08:
03F2  e82800                            C call 0x41d
03F5  b80001                            C mov ax, 0x100
03F8  26894703                          C mov word ptr es:[bx + 3], ax
03FC  c3                                C ret 
; dos_command_0D:
03FD  e81d00                            C call 0x41d
0400  b80001                            C mov ax, 0x100
0403  26894703                          C mov word ptr es:[bx + 3], ax
0407  c3                                C ret 
; dos_command_0E:
0408  c6067c0200                        C mov byte ptr [0x27c], 0
040D  b80001                            C mov ax, 0x100
0410  26894703                          C mov word ptr es:[bx + 3], ax
0414  c3                                C ret 
; dos_command_01:
0415  b80381                            C mov ax, 0x8103
0418  26894703                          C mov word ptr es:[bx + 3], ax
041C  c3                                C ret 
; loc_041D:
041D  c6067c0201                        C mov byte ptr [0x27c], 1
0422  c3                                C ret 
0423  030100000000                      D ......
; point_record:
0429  53                                C push bx
042A  51                                C push cx
042B  52                                C push dx
042C  06                                C push es
042D  57                                C push di
042E  55                                C push bp
042F  0e                                C push cs
0430  07                                C pop es
0431  fc                                C cld 
0432  c7067f020000                      C mov word ptr [0x27f], 0
0438  c606810230                        C mov byte ptr [0x281], 0x30
043D  c60682020d                        C mov byte ptr [0x282], 0xd
0442  c7067d020200                      C mov word ptr [0x27d], 2
0448  e88802                            C call 0x6d3
044B  a1ca06                            C mov ax, word ptr [0x6ca]
044E  23c0                              C and ax, ax
0450  7903                              C jns 0x455
; loc_0452:
0452  e9b100                            C jmp 0x506
; loc_0455:
0455  bb0a00                            C mov bx, 0xa
0458  f7e3                              C mul bx
045A  bbf204                            C mov bx, 0x4f2
045D  f7f3                              C div bx
045F  d1eb                              C shr bx, 1
0461  3bd3                              C cmp dx, bx
0463  7201                              C jb 0x466
0465  40                                C inc ax
; loc_0466:
0466  40                                C inc ax
0467  3c50                              C cmp al, 0x50
0469  7202                              C jb 0x46d
046B  b050                              C mov al, 0x50
; loc_046D:
046D  3a062504                          C cmp al, byte ptr [0x425]
0471  7409                              C je 0x47c
0473  a22504                            C mov byte ptr [0x425], al
0476  a02304                            C mov al, byte ptr [0x423]
0479  a22404                            C mov byte ptr [0x424], al
; loc_047C:
047C  a1cc06                            C mov ax, word ptr [0x6cc]
047F  23c0                              C and ax, ax
0481  78cf                              C js 0x452
0483  06                                C push es
0484  bb4000                            C mov bx, 0x40
0487  8ec3                              C mov es, bx
0489  268b1e8400                        C mov bx, word ptr es:[0x84]
048E  32ff                              C xor bh, bh
0490  07                                C pop es
0491  f7e3                              C mul bx
0493  bb0f27                            C mov bx, 0x270f
0496  f7f3                              C div bx
0498  d1eb                              C shr bx, 1
049A  3bd3                              C cmp dx, bx
049C  7201                              C jb 0x49f
049E  40                                C inc ax
; loc_049F:
049F  40                                C inc ax
04A0  3a062604                          C cmp al, byte ptr [0x426]
04A4  7409                              C je 0x4af
04A6  a22604                            C mov byte ptr [0x426], al
04A9  a02304                            C mov al, byte ptr [0x423]
04AC  a22404                            C mov byte ptr [0x424], al
; loc_04AF:
04AF  fe0e2404                          C dec byte ptr [0x424]
04B3  7510                              C jne 0x4c5
; loc_04B5:
04B5  a02504                            C mov al, byte ptr [0x425]
04B8  a22704                            C mov byte ptr [0x427], al
04BB  a02604                            C mov al, byte ptr [0x426]
04BE  a22804                            C mov byte ptr [0x428], al
04C1  fe062404                          C inc byte ptr [0x424]
; loc_04C5:
04C5  a02704                            C mov al, byte ptr [0x427]
04C8  32e4                              C xor ah, ah
04CA  22c0                              C and al, al
04CC  74e7                              C je 0x4b5
04CE  b10a                              C mov cl, 0xa
04D0  f6f1                              C div cl
04D2  0d3030                            C or ax, 0x3030
04D5  c7068102312c                      C mov word ptr [0x281], 0x2c31
04DB  c606830230                        C mov byte ptr [0x283], 0x30
04E0  a38402                            C mov word ptr [0x284], ax
04E3  a02804                            C mov al, byte ptr [0x428]
04E6  32e4                              C xor ah, ah
04E8  b10a                              C mov cl, 0xa
04EA  f6f1                              C div cl
04EC  0d3030                            C or ax, 0x3030
04EF  c70686022c30                      C mov word ptr [0x286], 0x302c
04F5  a38802                            C mov word ptr [0x288], ax
04F8  c6068a020d                        C mov byte ptr [0x28a], 0xd
04FD  c7067d020a00                      C mov word ptr [0x27d], 0xa
0503  eb10                              C jmp 0x515
0505  90                                D .
; loc_0506:
0506  c606240401                        C mov byte ptr [0x424], 1
050B  c606270400                        C mov byte ptr [0x427], 0
0510  c606280400                        C mov byte ptr [0x428], 0
; loc_0515:
0515  5d                                C pop bp
0516  5f                                C pop di
0517  07                                C pop es
0518  5a                                C pop dx
0519  59                                C pop cx
051A  5b                                C pop bx
051B  c3                                C ret 
; initialize:
051C  b81504                            C mov ax, 0x415
051F  a3e902                            C mov word ptr [0x2e9], ax
0522  b86015                            C mov ax, 0x1560
0525  2689470e                          C mov word ptr es:[bx + 0xe], ax
0529  8cc8                              C mov ax, cs
052B  26894710                          C mov word ptr es:[bx + 0x10], ax
052F  b8ba11                            C mov ax, 0x11ba
0532  bb0102                            C mov bx, 0x201
0535  cd10                              C int 0x10
0537  26c747030001                      C mov word ptr es:[bx + 3], 0x100
053D  be5005                            C mov si, 0x550
0540  e89400                            C call 0x5d7
0543  ba990c                            C mov dx, 0xc99
0546  b425                              C mov ah, 0x25
0548  b033                              C mov al, 0x33
054A  cd21                              C int 0x21
054C  e88c14                            C call 0x19db
054F  c3                                C ret 
0550  0d0a49424d20546f7563682050616e65  D ..IBM Touch Pane
0560  6c20446576696365204472697665720d  D l Device Driver.
0570  0a5772697474656e2062793a20446f6e  D .Written by: Don
0580  20442e2057696c6c69616d730d0a2843  D  D. Williams..(C
0590  2920436f707972696768742049424d20  D ) Copyright IBM 
05A0  436f72702e20313938372c2031393839  D Corp. 1987, 1989
05B0  0d0a56657273696f6e20322e340d0a41  D ..Version 2.4..A
05C0  6c6c2052696768747320526573657276  D ll Rights Reserv
05D0  65640d0a0d0aff                    D ed.....
; loc_05D7:
05D7  50                                C push ax
05D8  53                                C push bx
; loc_05D9:
05D9  2e8a04                            C mov al, byte ptr cs:[si]
05DC  3cff                              C cmp al, 0xff
05DE  740a                              C je 0x5ea
05E0  b40e                              C mov ah, 0xe
05E2  bb0700                            C mov bx, 7
05E5  cd10                              C int 0x10
05E7  46                                C inc si
05E8  ebef                              C jmp 0x5d9
; loc_05EA:
05EA  5b                                C pop bx
05EB  58                                C pop ax
05EC  c3                                C ret 
05ED  000000000000000000000000000000ff  D ................
05FD  ffffffffffffff080000000000000000  D ................
060D  00000000000000000000000000000000  D ................
061D  00000000000000000000000000000000  D ................
062D  00000000000000000000000000000000  D ................
063D  00000000000000000000000000000000  D ................
064D  00000000000000000000000000000000  D ................
065D  00000000000000000000000000000000  D ................
066D  00000000000000000000000000000000  D ................
067D  00000000000000000000000000000000  D ................
068D  00000000000000000000000000000000  D ................
069D  00000000000000000000000000000000  D ................
06AD  00000000000000000000000000000000  D ................
06BD  00000000000000000000007700000000  D ...........w....
06CD  000000000000                      D ......
; optical_scan:
06D3  ba02f3                            C mov dx, 0xf302
06D6  b000                              C mov al, 0
06D8  ee                                C out dx, al
06D9  803e050600                        C cmp byte ptr [0x605], 0
06DE  7521                              C jne 0x701
06E0  fe060506                          C inc byte ptr [0x605]
06E4  32c0                              C xor al, al
06E6  33f6                              C xor si, si
; loc_06E8:
06E8  88840706                          C mov byte ptr [si + 0x607], al
06EC  88844706                          C mov byte ptr [si + 0x647], al
06F0  88848806                          C mov byte ptr [si + 0x688], al
06F4  46                                C inc si
06F5  fec0                              C inc al
06F7  a807                              C test al, 7
06F9  75ed                              C jne 0x6e8
06FB  0410                              C add al, 0x10
06FD  2470                              C and al, 0x70
06FF  75e7                              C jne 0x6e8
; loc_0701:
0701  c706ca06ffff                      C mov word ptr [0x6ca], 0xffff
0707  c706cc06ffff                      C mov word ptr [0x6cc], 0xffff
070D  c606060600                        C mov byte ptr [0x606], 0
0712  33c0                              C xor ax, ax
0714  b90800                            C mov cx, 8
0717  bff005                            C mov di, 0x5f0
071A  f3aa                              C rep stosb byte ptr es:[di], al
071C  33f6                              C xor si, si
071E  b380                              C mov bl, 0x80
0720  bff005                            C mov di, 0x5f0
0723  b94000                            C mov cx, 0x40
; loc_0726:
0726  ba02f3                            C mov dx, 0xf302
0729  b000                              C mov al, 0
072B  ee                                C out dx, al
072C  ba00f3                            C mov dx, 0xf300
072F  8a844706                          C mov al, byte ptr [si + 0x647]
0733  ee                                C out dx, al
0734  ba02f3                            C mov dx, 0xf302
0737  b004                              C mov al, 4
0739  ee                                C out dx, al
073A  b000                              C mov al, 0
073C  ee                                C out dx, al
073D  ba9000                            C mov dx, 0x90
; loc_0740:
0740  4a                                C dec dx
0741  75fd                              C jne 0x740
0743  e88502                            C call 0x9cb
0746  2c08                              C sub al, 8
0748  7902                              C jns 0x74c
074A  32c0                              C xor al, al
; loc_074C:
074C  a2c906                            C mov byte ptr [0x6c9], al
074F  ba00f3                            C mov dx, 0xf300
0752  8a840706                          C mov al, byte ptr [si + 0x607]
0756  ee                                C out dx, al
0757  ba02f3                            C mov dx, 0xf302
075A  b001                              C mov al, 1
075C  ee                                C out dx, al
075D  b000                              C mov al, 0
075F  ee                                C out dx, al
0760  b002                              C mov al, 2
0762  ee                                C out dx, al
0763  ba9000                            C mov dx, 0x90
; loc_0766:
0766  4a                                C dec dx
0767  75fd                              C jne 0x766
0769  e85f02                            C call 0x9cb
076C  50                                C push ax
076D  ba02f3                            C mov dx, 0xf302
0770  b000                              C mov al, 0
0772  ee                                C out dx, al
0773  58                                C pop ax
0774  3a06c906                          C cmp al, byte ptr [0x6c9]
0778  7256                              C jb 0x7d0
077A  803e040600                        C cmp byte ptr [0x604], 0
077F  744d                              C je 0x7ce
0781  fe060606                          C inc byte ptr [0x606]
0785  a00606                            C mov al, byte ptr [0x606]
0788  fec8                              C dec al
078A  740f                              C je 0x79b
078C  fec8                              C dec al
078E  7415                              C je 0x7a5
0790  fec8                              C dec al
0792  741c                              C je 0x7b0
0794  fec8                              C dec al
0796  742b                              C je 0x7c3
0798  eb34                              C jmp 0x7ce
079A  90                                D .
; loc_079B:
079B  8a848706                          C mov al, byte ptr [si + 0x687]
079F  88840706                          C mov byte ptr [si + 0x607], al
07A3  eb81                              C jmp 0x726
; loc_07A5:
07A5  8a848906                          C mov al, byte ptr [si + 0x689]
07A9  88840706                          C mov byte ptr [si + 0x607], al
07AD  e976ff                            C jmp 0x726
; loc_07B0:
07B0  8a848806                          C mov al, byte ptr [si + 0x688]
07B4  88840706                          C mov byte ptr [si + 0x607], al
07B8  8a848706                          C mov al, byte ptr [si + 0x687]
07BC  88844706                          C mov byte ptr [si + 0x647], al
07C0  e963ff                            C jmp 0x726
; loc_07C3:
07C3  8a848906                          C mov al, byte ptr [si + 0x689]
07C7  88844706                          C mov byte ptr [si + 0x647], al
; loc_07CB:
07CB  e958ff                            C jmp 0x726
; loc_07CE:
07CE  081d                              C or byte ptr [di], bl
; loc_07D0:
07D0  c606060600                        C mov byte ptr [0x606], 0
07D5  d0cb                              C ror bl, 1
07D7  7301                              C jae 0x7da
07D9  47                                C inc di
; loc_07DA:
07DA  46                                C inc si
07DB  e2ee                              C loop 0x7cb
07DD  33f6                              C xor si, si
07DF  b90800                            C mov cx, 8
; loc_07E2:
07E2  8a84f005                          C mov al, byte ptr [si + 0x5f0]
07E6  2284fc05                          C and al, byte ptr [si + 0x5fc]
07EA  8884f005                          C mov byte ptr [si + 0x5f0], al
07EE  46                                C inc si
07EF  e2f1                              C loop 0x7e2
07F1  803e040600                        C cmp byte ptr [0x604], 0
07F6  7434                              C je 0x82c
07F8  fe0e0406                          C dec byte ptr [0x604]
07FC  a1f005                            C mov ax, word ptr [0x5f0]
07FF  f7d0                              C not ax
0801  2106fc05                          C and word ptr [0x5fc], ax
0805  a1f205                            C mov ax, word ptr [0x5f2]
0808  f7d0                              C not ax
080A  2106fe05                          C and word ptr [0x5fe], ax
080E  a0f405                            C mov al, byte ptr [0x5f4]
0811  f6d0                              C not al
0813  20060006                          C and byte ptr [0x600], al
0817  a1f505                            C mov ax, word ptr [0x5f5]
081A  f7d0                              C not ax
081C  21060106                          C and word ptr [0x601], ax
0820  a0f705                            C mov al, byte ptr [0x5f7]
0823  f6d0                              C not al
0825  20060306                          C and byte ptr [0x603], al
0829  e9a7fe                            C jmp 0x6d3
; loc_082C:
082C  a1f505                            C mov ax, word ptr [0x5f5]
082F  0ac4                              C or al, ah
0831  0a06f705                          C or al, byte ptr [0x5f7]
0835  7410                              C je 0x847
0837  40                                C inc ax
0838  740d                              C je 0x847
083A  b90500                            C mov cx, 5
083D  bef005                            C mov si, 0x5f0
; loc_0840:
0840  ac                                C lodsb al, byte ptr [si]
0841  22c0                              C and al, al
0843  7510                              C jne 0x855
0845  e2f9                              C loop 0x840
; loc_0847:
0847  c606ce0600                        C mov byte ptr [0x6ce], 0
084C  c706cf06ffff                      C mov word ptr [0x6cf], 0xffff
0852  e9d900                            C jmp 0x92e
; loc_0855:
0855  ff06d106                          C inc word ptr [0x6d1]
0859  bb0500                            C mov bx, 5
085C  2bd9                              C sub bx, cx
085E  d1e3                              C shl bx, 1
0860  d1e3                              C shl bx, 1
0862  d1e3                              C shl bx, 1
0864  b90800                            C mov cx, 8
; loc_0867:
0867  d0e0                              C shl al, 1
0869  7203                              C jb 0x86e
086B  43                                C inc bx
086C  e2f9                              C loop 0x867
; loc_086E:
086E  8bd3                              C mov dx, bx
0870  49                                C dec cx
0871  750a                              C jne 0x87d
; loc_0873:
0873  ac                                C lodsb al, byte ptr [si]
0874  b90800                            C mov cx, 8
0877  81fef605                          C cmp si, 0x5f6
087B  7316                              C jae 0x893
; loc_087D:
087D  22c0                              C and al, al
087F  7407                              C je 0x888
; loc_0881:
0881  43                                C inc bx
0882  d0e0                              C shl al, 1
0884  e2f7                              C loop 0x87d
0886  ebeb                              C jmp 0x873
; loc_0888:
0888  81fef505                          C cmp si, 0x5f5
088C  7305                              C jae 0x893
088E  803c00                            C cmp byte ptr [si], 0
0891  75ee                              C jne 0x881
; loc_0893:
0893  8bc3                              C mov ax, bx
0895  2bc2                              C sub ax, dx
0897  d1e2                              C shl dx, 1
0899  03c2                              C add ax, dx
089B  bb7f00                            C mov bx, 0x7f
089E  f7e3                              C mul bx
08A0  a3ca06                            C mov word ptr [0x6ca], ax
08A3  bef505                            C mov si, 0x5f5
08A6  33db                              C xor bx, bx
; loc_08A8:
08A8  ac                                C lodsb al, byte ptr [si]
08A9  b90800                            C mov cx, 8
; loc_08AC:
08AC  d0e0                              C shl al, 1
08AE  7205                              C jb 0x8b5
08B0  43                                C inc bx
08B1  e2f9                              C loop 0x8ac
08B3  ebf3                              C jmp 0x8a8
; loc_08B5:
08B5  8bd3                              C mov dx, bx
08B7  49                                C dec cx
08B8  7504                              C jne 0x8be
; loc_08BA:
08BA  ac                                C lodsb al, byte ptr [si]
08BB  b90800                            C mov cx, 8
; loc_08BE:
08BE  22c0                              C and al, al
08C0  7407                              C je 0x8c9
; loc_08C2:
08C2  43                                C inc bx
08C3  d0e0                              C shl al, 1
08C5  e2f7                              C loop 0x8be
08C7  ebf1                              C jmp 0x8ba
; loc_08C9:
08C9  833c00                            C cmp word ptr [si], 0
08CC  75f4                              C jne 0x8c2
08CE  2bda                              C sub bx, dx
08D0  d1e2                              C shl dx, 1
08D2  03da                              C add bx, dx
08D4  b8d900                            C mov ax, 0xd9
08D7  f7e3                              C mul bx
08D9  a3cc06                            C mov word ptr [0x6cc], ax
08DC  33c9                              C xor cx, cx
08DE  b8ba11                            C mov ax, 0x11ba
08E1  b700                              C mov bh, 0
08E3  cd10                              C int 0x10
08E5  80fcba                            C cmp ah, 0xba
08E8  7544                              C jne 0x92e
08EA  23c9                              C and cx, cx
08EC  7440                              C je 0x92e
08EE  57                                C push di
08EF  56                                C push si
08F0  8bc3                              C mov ax, bx
08F2  23c0                              C and ax, ax
08F4  7419                              C je 0x90f
08F6  53                                C push bx
08F7  51                                C push cx
08F8  b80f27                            C mov ax, 0x270f
08FB  f7e3                              C mul bx
08FD  f7f7                              C div di
08FF  8b1ecc06                          C mov bx, word ptr [0x6cc]
0903  2bd8                              C sub bx, ax
0905  7902                              C jns 0x909
0907  33db                              C xor bx, bx
; loc_0909:
0909  891ecc06                          C mov word ptr [0x6cc], bx
090D  59                                C pop cx
090E  5b                                C pop bx
; loc_090F:
090F  b80f27                            C mov ax, 0x270f
0912  f7e1                              C mul cx
0914  f7f7                              C div di
0916  8b1ecc06                          C mov bx, word ptr [0x6cc]
091A  3bd8                              C cmp bx, ax
091C  7602                              C jbe 0x920
091E  8bd8                              C mov bx, ax
; loc_0920:
0920  50                                C push ax
0921  b80f27                            C mov ax, 0x270f
0924  f7e3                              C mul bx
0926  5b                                C pop bx
0927  f7f3                              C div bx
0929  a3cc06                            C mov word ptr [0x6cc], ax
092C  5e                                C pop si
092D  5f                                C pop di
; loc_092E:
092E  06                                C push es
092F  bb4000                            C mov bx, 0x40
0932  8ec3                              C mov es, bx
0934  bb1700                            C mov bx, 0x17
0937  268b1f                            C mov bx, word ptr es:[bx]
093A  07                                C pop es
093B  f6c301                            C test bl, 1
093E  7503                              C jne 0x943
0940  e98700                            C jmp 0x9ca
; loc_0943:
0943  f6c304                            C test bl, 4
0946  740d                              C je 0x955
0948  c606050600                        C mov byte ptr [0x605], 0
094D  c606040608                        C mov byte ptr [0x604], 8
0952  eb6a                              C jmp 0x9be
0954  90                                D .
; loc_0955:
0955  803ece0600                        C cmp byte ptr [0x6ce], 0
095A  7562                              C jne 0x9be
095C  813eca068813                      C cmp word ptr [0x6ca], 0x1388
0962  7253                              C jb 0x9b7
0964  a1cc06                            C mov ax, word ptr [0x6cc]
0967  8b1ecf06                          C mov bx, word ptr [0x6cf]
096B  a3cf06                            C mov word ptr [0x6cf], ax
096E  83fbff                            C cmp bx, -1
0971  744b                              C je 0x9be
0973  3bc3                              C cmp ax, bx
0975  7447                              C je 0x9be
0977  771c                              C ja 0x995
0979  b8ba11                            C mov ax, 0x11ba
097C  b700                              C mov bh, 0
097E  cd10                              C int 0x10
0980  83eb04                            C sub bx, 4
0983  7839                              C js 0x9be
0985  b8ba11                            C mov ax, 0x11ba
0988  b701                              C mov bh, 1
098A  cd10                              C int 0x10
098C  c706cf06ffff                      C mov word ptr [0x6cf], 0xffff
0992  eb2a                              C jmp 0x9be
0994  90                                D .
; loc_0995:
0995  b8ba11                            C mov ax, 0x11ba
0998  b700                              C mov bh, 0
099A  cd10                              C int 0x10
099C  83c304                            C add bx, 4
099F  8bc7                              C mov ax, di
09A1  2bc1                              C sub ax, cx
09A3  2bc3                              C sub ax, bx
09A5  7817                              C js 0x9be
09A7  b8ba11                            C mov ax, 0x11ba
09AA  b701                              C mov bh, 1
09AC  cd10                              C int 0x10
09AE  c706cf06ffff                      C mov word ptr [0x6cf], 0xffff
09B4  eb08                              C jmp 0x9be
09B6  90                                D .
; loc_09B7:
09B7  fe06ce06                          C inc byte ptr [0x6ce]
09BB  e82a00                            C call 0x9e8
; loc_09BE:
09BE  c706ca06ffff                      C mov word ptr [0x6ca], 0xffff
09C4  c706cc06ffff                      C mov word ptr [0x6cc], 0xffff
; loc_09CA:
09CA  c3                                C ret 
; adc_read:
09CB  51                                C push cx
09CC  ba02f3                            C mov dx, 0xf302
09CF  ec                                C in al, dx
09D0  0c08                              C or al, 8
09D2  ee                                C out dx, al
09D3  3408                              C xor al, 8
09D5  ee                                C out dx, al
09D6  b93200                            C mov cx, 0x32
; loc_09D9:
09D9  ec                                C in al, dx
09DA  a808                              C test al, 8
09DC  e0fb                              C loopne 0x9d9
09DE  ba03f3                            C mov dx, 0xf303
09E1  ec                                C in al, dx
09E2  253f00                            C and ax, 0x3f
09E5  59                                C pop cx
09E6  c3                                C ret 
09E7  01                                D .
; loc_09E8:
09E8  b8ba11                            C mov ax, 0x11ba
09EB  b702                              C mov bh, 2
09ED  8a1ee709                          C mov bl, byte ptr [0x9e7]
09F1  80f301                            C xor bl, 1
09F4  881ee709                          C mov byte ptr [0x9e7], bl
09F8  cd10                              C int 0x10
09FA  c3                                C ret 
09FB  0000000000466f6c6c6f77696e672069  D .....Following i
0A0B  73206e6f74206120436f707972696768  D s not a Copyrigh
0A1B  74204e6f746963652062757420706172  D t Notice but par
0A2B  74206f66207468652066756e6374696f  D t of the functio
0A3B  6e616c20696e7465726661636520746f  D nal interface to
0A4B  20736f6d652070726f6772616d732075  D  some programs u
0A5B  73696e672074686973206d6f64756c65  D sing this module
0A6B  2e2020546865206578636c7573697665  D .  The exclusive
0A7B  20436f7079726967687420746f207468  D  Copyright to th
0A8B  6973206d6f64756c65206973206f776e  D is module is own
0A9B  65642062792049424d20436f72706f72  D ed by IBM Corpor
0AAB  6174696f6e2e203e3e3ebc908f868d96  D ation. >>>......
0ABB  98978bdfcec6c7ccdfb2969c8d908c90  D ................
0ACB  998bdf9d8a8bdf9691df999e9c8bdfbc  D ................
0ADB  908f868d9698978bdfcec6c7cbdfb290  D ................
0AEB  8a8c9adfac868c8b9a928cdfbc908d8f  D ................
0AFB  908d9e8b969091de3c3c3c2041626f76  D ........<<< Abov
0B0B  65207072657061726564206279204942  D e prepared by IB
0B1B  4d204174746f726e6579010100000000  D M Attorney......
0B2B  00000000000000000000000000000000  D ................
0B3B  00000000000000000000000000000000  D ................
0B4B  00000000000000000000000000000007  D ................
0B5B  ffff010000000000000002ffffffff7f  D ................
0B6B  02c70001000100180f00000000000000  D ................
0B7B  0000800201004001c80002006400ffff  D ......@.....d...
0B8B  ffff0000000000000000000000000000  D ................
0B9B  00000000000000000000000000000000  D ................
0BAB  00000000000000000000000000000000  D ................
0BBB  00000000000000000000000000000000  D ................
0BCB  00000000000000000000000000000000  D ................
0BDB  00000000000000000000000000000000  D ................
0BEB  00000000000000000000000000000000  D ................
0BFB  0000ffffff3fff3fff0fff0fff03ff03  D .....?.?........
0C0B  ff003f003f00ff03ff33ff33ffc3ffc3  D ..?.?....3.3....
0C1B  ffff0000008000c000e000f000f800fc  D ................
0C2B  00fe00ff80ff00f8008c000c00060006  D ................
0C3B  0000a81026113811cf11df110c124612  D ....&.8.......F.
0C4B  80128f129e12bc12ec125413be13be13  D ..........T.....
0C5B  bf13be13be13da13be13              D ..........
; timer_hook:
0C65  2e833e370b00                      C cmp word ptr cs:[0xb37], 0
0C6B  7427                              C je 0xc94
0C6D  2e803e640b00                      C cmp byte ptr cs:[0xb64], 0
0C73  751f                              C jne 0xc94
0C75  2efe0e650b                        C dec byte ptr cs:[0xb65]
0C7A  7518                              C jne 0xc94
0C7C  50                                C push ax
0C7D  53                                C push bx
0C7E  51                                C push cx
0C7F  52                                C push dx
0C80  56                                C push si
0C81  57                                C push di
0C82  9c                                C pushf 
0C83  0e                                C push cs
0C84  b88e0c                            C mov ax, 0xc8e
0C87  50                                C push ax
0C88  b80300                            C mov ax, 3
0C8B  eb0c                              C jmp 0xc99
0C8D  905f5e5a595b58                    D ._^ZY[X
; loc_0C94:
0C94  2eff2e760b                        C ljmp cs:[0xb76]
; int33:
0C99  2efe06640b                        C inc byte ptr cs:[0xb64]
0C9E  2ec606650b02                      C mov byte ptr cs:[0xb65], 2
0CA4  55                                C push bp
0CA5  1e                                C push ds
0CA6  56                                C push si
0CA7  06                                C push es
0CA8  57                                C push di
0CA9  fc                                C cld 
0CAA  2e8c065e0b                        C mov word ptr cs:[0xb5e], es
0CAF  50                                C push ax
0CB0  53                                C push bx
0CB1  51                                C push cx
0CB2  52                                C push dx
0CB3  57                                C push di
0CB4  8cc8                              C mov ax, cs
0CB6  8ed8                              C mov ds, ax
0CB8  b84000                            C mov ax, 0x40
0CBB  8ec0                              C mov es, ax
0CBD  bb1700                            C mov bx, 0x17
0CC0  268a07                            C mov al, byte ptr es:[bx]
0CC3  a2590b                            C mov byte ptr [0xb59], al
0CC6  8cc8                              C mov ax, cs
0CC8  8ec0                              C mov es, ax
0CCA  c6067c0b00                        C mov byte ptr [0xb7c], 0
0CCF  c7067a0b2800                      C mov word ptr [0xb7a], 0x28
0CD5  b40f                              C mov ah, 0xf
0CD7  cd10                              C int 0x10
0CD9  3c02                              C cmp al, 2
0CDB  721b                              C jb 0xcf8
0CDD  3c04                              C cmp al, 4
0CDF  7417                              C je 0xcf8
0CE1  3c05                              C cmp al, 5
0CE3  7413                              C je 0xcf8
0CE5  3c0d                              C cmp al, 0xd
0CE7  740f                              C je 0xcf8
0CE9  3c13                              C cmp al, 0x13
0CEB  740b                              C je 0xcf8
0CED  c7067a0b5000                      C mov word ptr [0xb7a], 0x50
0CF3  800e7c0b80                        C or byte ptr [0xb7c], 0x80
; loc_0CF8:
0CF8  3c04                              C cmp al, 4
0CFA  7204                              C jb 0xd00
0CFC  3c07                              C cmp al, 7
0CFE  7505                              C jne 0xd05
; loc_0D00:
0D00  800e7c0b08                        C or byte ptr [0xb7c], 8
; loc_0D05:
0D05  3c0a                              C cmp al, 0xa
0D07  7709                              C ja 0xd12
0D09  3c07                              C cmp al, 7
0D0B  7305                              C jae 0xd12
0D0D  800e7c0b04                        C or byte ptr [0xb7c], 4
; loc_0D12:
0D12  f6067c0b08                        C test byte ptr [0xb7c], 8
0D17  751d                              C jne 0xd36
0D19  3c0b                              C cmp al, 0xb
0D1B  7219                              C jb 0xd36
0D1D  3c0e                              C cmp al, 0xe
0D1F  7708                              C ja 0xd29
0D21  800e7c0b01                        C or byte ptr [0xb7c], 1
0D26  eb0e                              C jmp 0xd36
0D28  90                                D .
; loc_0D29:
0D29  3c0b                              C cmp al, 0xb
0D2B  7404                              C je 0xd31
0D2D  3c0c                              C cmp al, 0xc
0D2F  7505                              C jne 0xd36
; loc_0D31:
0D31  800e7c0b02                        C or byte ptr [0xb7c], 2
; loc_0D36:
0D36  c7067d0b8002                      C mov word ptr [0xb7d], 0x280
0D3C  c706830bc800                      C mov word ptr [0xb83], 0xc8
0D42  a0540b                            C mov al, byte ptr [0xb54]
0D45  a2410b                            C mov byte ptr [0xb41], al
0D48  5f                                C pop di
0D49  5a                                C pop dx
0D4A  59                                C pop cx
0D4B  5b                                C pop bx
0D4C  58                                C pop ax
0D4D  bf3d0c                            C mov di, 0xc3d
0D50  3d1300                            C cmp ax, 0x13
0D53  7703                              C ja 0xd58
0D55  e98200                            C jmp 0xdda
; loc_0D58:
0D58  3c4d                              C cmp al, 0x4d
0D5A  7521                              C jne 0xd7d
0D5C  5f                                C pop di
0D5D  07                                C pop es
0D5E  0e                                C push cs
0D5F  07                                C pop es
0D60  803eb50a43                        C cmp byte ptr [0xab5], 0x43
0D65  7410                              C je 0xd77
0D67  53                                C push bx
0D68  51                                C push cx
0D69  bbb50a                            C mov bx, 0xab5
0D6C  b94e00                            C mov cx, 0x4e
; loc_0D6F:
0D6F  8037ff                            C xor byte ptr [bx], 0xff
0D72  43                                C inc bx
0D73  e2fa                              C loop 0xd6f
0D75  59                                C pop cx
0D76  5b                                C pop bx
; loc_0D77:
0D77  bfb50a                            C mov di, 0xab5
0D7A  e97f00                            C jmp 0xdfc
; loc_0D7D:
0D7D  3c58                              C cmp al, 0x58
0D7F  7536                              C jne 0xdb7
0D81  e85906                            C call 0x13dd
0D84  8b0e870b                          C mov cx, word ptr [0xb87]
0D88  b81800                            C mov ax, 0x18
0D8B  f7e1                              C mul cx
0D8D  bbc700                            C mov bx, 0xc7
0D90  f7f1                              C div cx
0D92  40                                C inc ax
0D93  8bc8                              C mov cx, ax
0D95  8b1e810b                          C mov bx, word ptr [0xb81]
0D99  b84f00                            C mov ax, 0x4f
0D9C  f7e3                              C mul bx
0D9E  bb7f02                            C mov bx, 0x27f
0DA1  f7f3                              C div bx
0DA3  40                                C inc ax
0DA4  8ae1                              C mov ah, cl
0DA6  8bd0                              C mov dx, ax
0DA8  8b1e810b                          C mov bx, word ptr [0xb81]
0DAC  8b0e870b                          C mov cx, word ptr [0xb87]
0DB0  8a26540b                          C mov ah, byte ptr [0xb54]
0DB4  eb44                              C jmp 0xdfa
0DB6  90                                D .
; loc_0DB7:
0DB7  3c59                              C cmp al, 0x59
0DB9  750b                              C jne 0xdc6
0DBB  881e740b                          C mov byte ptr [0xb74], bl
0DBF  880e750b                          C mov byte ptr [0xb75], cl
0DC3  eb35                              C jmp 0xdfa
0DC5  90                                D .
; loc_0DC6:
0DC6  3c5a                              C cmp al, 0x5a
0DC8  750d                              C jne 0xdd7
0DCA  8b1ed106                          C mov bx, word ptr [0x6d1]
0DCE  c706d1060000                      C mov word ptr [0x6d1], 0
0DD4  eb24                              C jmp 0xdfa
0DD6  90                                D .
; loc_0DD7:
0DD7  eb21                              C jmp 0xdfa
0DD9  90                                D .
; loc_0DDA:
0DDA  803eb50a43                        C cmp byte ptr [0xab5], 0x43
0DDF  7510                              C jne 0xdf1
0DE1  53                                C push bx
0DE2  51                                C push cx
0DE3  bbb50a                            C mov bx, 0xab5
0DE6  b94e00                            C mov cx, 0x4e
; loc_0DE9:
0DE9  8037ff                            C xor byte ptr [bx], 0xff
0DEC  43                                C inc bx
0DED  e2fa                              C loop 0xde9
0DEF  59                                C pop cx
0DF0  5b                                C pop bx
; loc_0DF1:
0DF1  d1e0                              C shl ax, 1
0DF3  03f8                              C add di, ax
0DF5  ff15                              C call word ptr [di]
0DF7  e8a400                            C call 0xe9e
; loc_0DFA:
0DFA  5f                                C pop di
0DFB  07                                C pop es
; loc_0DFC:
0DFC  803e640b02                        C cmp byte ptr [0xb64], 2
0E01  7325                              C jae 0xe28
0E03  8b36310b                          C mov si, word ptr [0xb31]
0E07  2336370b                          C and si, word ptr [0xb37]
0E0B  751e                              C jne 0xe2b
0E0D  803e540b00                        C cmp byte ptr [0xb54], 0
0E12  7514                              C jne 0xe28
0E14  50                                C push ax
0E15  a1330b                            C mov ax, word ptr [0xb33]
0E18  a3390b                            C mov word ptr [0xb39], ax
0E1B  a1350b                            C mov ax, word ptr [0xb35]
0E1E  a33b0b                            C mov word ptr [0xb3b], ax
0E21  c706420b0000                      C mov word ptr [0xb42], 0
0E27  58                                C pop ax
; loc_0E28:
0E28  eb6a                              C jmp 0xe94
0E2A  90                                D .
; loc_0E2B:
0E2B  50                                C push ax
0E2C  53                                C push bx
0E2D  51                                C push cx
0E2E  52                                C push dx
0E2F  56                                C push si
0E30  57                                C push di
0E31  a1420b                            C mov ax, word ptr [0xb42]
0E34  23c0                              C and ax, ax
0E36  750c                              C jne 0xe44
0E38  a1870b                            C mov ax, word ptr [0xb87]
0E3B  a3440b                            C mov word ptr [0xb44], ax
0E3E  a1810b                            C mov ax, word ptr [0xb81]
0E41  a3420b                            C mov word ptr [0xb42], ax
; loc_0E44:
0E44  8b0e810b                          C mov cx, word ptr [0xb81]
0E48  2bc8                              C sub cx, ax
0E4A  a17f0b                            C mov ax, word ptr [0xb7f]
0E4D  f7e1                              C mul cx
0E4F  d1f8                              C sar ax, 1
0E51  0306390b                          C add ax, word ptr [0xb39]
0E55  8bf0                              C mov si, ax
0E57  a3330b                            C mov word ptr [0xb33], ax
0E5A  8b1e870b                          C mov bx, word ptr [0xb87]
0E5E  2b1e440b                          C sub bx, word ptr [0xb44]
0E62  a1850b                            C mov ax, word ptr [0xb85]
0E65  f7e3                              C mul bx
0E67  03063b0b                          C add ax, word ptr [0xb3b]
0E6B  8bf8                              C mov di, ax
0E6D  a3350b                            C mov word ptr [0xb35], ax
0E70  a1310b                            C mov ax, word ptr [0xb31]
0E73  8b1e2e0b                          C mov bx, word ptr [0xb2e]
0E77  8b0e810b                          C mov cx, word ptr [0xb81]
0E7B  8b16870b                          C mov dx, word ptr [0xb87]
0E7F  c706310b0000                      C mov word ptr [0xb31], 0
0E85  2efe06640b                        C inc byte ptr cs:[0xb64]
0E8A  ff1e600b                          C lcall [0xb60]
0E8E  5f                                C pop di
0E8F  5e                                C pop si
0E90  5a                                C pop dx
0E91  59                                C pop cx
0E92  5b                                C pop bx
0E93  58                                C pop ax
; loc_0E94:
0E94  5e                                C pop si
0E95  1f                                C pop ds
0E96  5d                                C pop bp
0E97  2ec606640b00                      C mov byte ptr cs:[0xb64], 0
0E9D  cf                                C iret 
; loc_0E9E:
0E9E  803e640b02                        C cmp byte ptr [0xb64], 2
0EA3  7201                              C jb 0xea6
0EA5  c3                                C ret 
; loc_0EA6:
0EA6  50                                C push ax
0EA7  53                                C push bx
0EA8  51                                C push cx
0EA9  52                                C push dx
0EAA  06                                C push es
0EAB  833e5b0b00                        C cmp word ptr [0xb5b], 0
0EB0  7903                              C jns 0xeb5
0EB2  e9bc01                            C jmp 0x1071
; loc_0EB5:
0EB5  f6067c0b08                        C test byte ptr [0xb7c], 8
0EBA  7403                              C je 0xebf
0EBC  e94501                            C jmp 0x1004
; loc_0EBF:
0EBF  a1810b                            C mov ax, word ptr [0xb81]
0EC2  3b06890b                          C cmp ax, word ptr [0xb89]
0EC6  750c                              C jne 0xed4
0EC8  a1870b                            C mov ax, word ptr [0xb87]
0ECB  3b068b0b                          C cmp ax, word ptr [0xb8b]
0ECF  7503                              C jne 0xed4
0ED1  e99d01                            C jmp 0x1071
; loc_0ED4:
0ED4  a1810b                            C mov ax, word ptr [0xb81]
0ED7  a3890b                            C mov word ptr [0xb89], ax
0EDA  a1870b                            C mov ax, word ptr [0xb87]
0EDD  a38b0b                            C mov word ptr [0xb8b], ax
0EE0  a13f0b                            C mov ax, word ptr [0xb3f]
0EE3  23c0                              C and ax, ax
0EE5  7415                              C je 0xefc
0EE7  8ec0                              C mov es, ax
0EE9  8b3e3d0b                          C mov di, word ptr [0xb3d]
0EED  b91000                            C mov cx, 0x10
0EF0  be8d0b                            C mov si, 0xb8d
; loc_0EF3:
0EF3  ad                                C lodsw ax, word ptr [si]
0EF4  ab                                C stosw word ptr es:[di], ax
0EF5  ac                                C lodsb al, byte ptr [si]
0EF6  aa                                C stosb byte ptr es:[di], al
0EF7  e8ba02                            C call 0x11b4
0EFA  e2f7                              C loop 0xef3
; loc_0EFC:
0EFC  33ff                              C xor di, di
0EFE  f6067c0b03                        C test byte ptr [0xb7c], 3
0F03  747c                              C je 0xf81
0F05  b800a0                            C mov ax, 0xa000
0F08  8ec0                              C mov es, ax
0F0A  a33f0b                            C mov word ptr [0xb3f], ax
0F0D  a1870b                            C mov ax, word ptr [0xb87]
0F10  f6067c0b02                        C test byte ptr [0xb7c], 2
0F15  740a                              C je 0xf21
0F17  bbe001                            C mov bx, 0x1e0
0F1A  f7e3                              C mul bx
0F1C  bbc800                            C mov bx, 0xc8
0F1F  f7f3                              C div bx
; loc_0F21:
0F21  2b06680b                          C sub ax, word ptr [0xb68]
0F25  bb5000                            C mov bx, 0x50
0F28  f7e3                              C mul bx
0F2A  03f8                              C add di, ax
0F2C  a1810b                            C mov ax, word ptr [0xb81]
0F2F  2b06660b                          C sub ax, word ptr [0xb66]
0F33  8bc8                              C mov cx, ax
0F35  81e10700                          C and cx, 7
0F39  d1e8                              C shr ax, 1
0F3B  d1e8                              C shr ax, 1
0F3D  d1e8                              C shr ax, 1
0F3F  03f8                              C add di, ax
0F41  893e3d0b                          C mov word ptr [0xb3d], di
0F45  be8d0b                            C mov si, 0xb8d
0F48  b91000                            C mov cx, 0x10
; loc_0F4B:
0F4B  268b05                            C mov ax, word ptr es:[di]
0F4E  8904                              C mov word ptr [si], ax
0F50  268a4502                          C mov al, byte ptr es:[di + 2]
0F54  884402                            C mov byte ptr [si + 2], al
0F57  83c603                            C add si, 3
0F5A  83c750                            C add di, 0x50
0F5D  e2ec                              C loop 0xf4b
0F5F  8b3e3d0b                          C mov di, word ptr [0xb3d]
0F63  bebd0b                            C mov si, 0xbbd
0F66  b91000                            C mov cx, 0x10
; loc_0F69:
0F69  268b05                            C mov ax, word ptr es:[di]
0F6C  86e0                              C xchg al, ah
0F6E  2304                              C and ax, word ptr [si]
0F70  334420                            C xor ax, word ptr [si + 0x20]
0F73  86e0                              C xchg al, ah
0F75  ab                                C stosw word ptr es:[di], ax
0F76  83c602                            C add si, 2
0F79  83c74e                            C add di, 0x4e
0F7C  e2eb                              C loop 0xf69
0F7E  e9f000                            C jmp 0x1071
; loc_0F81:
0F81  b800b8                            C mov ax, 0xb800
0F84  8ec0                              C mov es, ax
0F86  a33f0b                            C mov word ptr [0xb3f], ax
0F89  a1870b                            C mov ax, word ptr [0xb87]
0F8C  2b06680b                          C sub ax, word ptr [0xb68]
0F90  a90100                            C test ax, 1
0F93  7404                              C je 0xf99
0F95  81c70020                          C add di, 0x2000
; loc_0F99:
0F99  d1e8                              C shr ax, 1
0F9B  bb5000                            C mov bx, 0x50
0F9E  f7e3                              C mul bx
0FA0  03f8                              C add di, ax
0FA2  a1810b                            C mov ax, word ptr [0xb81]
0FA5  2b06660b                          C sub ax, word ptr [0xb66]
0FA9  8bc8                              C mov cx, ax
0FAB  81e10700                          C and cx, 7
0FAF  d1e8                              C shr ax, 1
0FB1  d1e8                              C shr ax, 1
0FB3  d1e8                              C shr ax, 1
0FB5  03f8                              C add di, ax
0FB7  893e3d0b                          C mov word ptr [0xb3d], di
0FBB  be8d0b                            C mov si, 0xb8d
0FBE  b91000                            C mov cx, 0x10
; loc_0FC1:
0FC1  268b05                            C mov ax, word ptr es:[di]
0FC4  8904                              C mov word ptr [si], ax
0FC6  268a4502                          C mov al, byte ptr es:[di + 2]
0FCA  884402                            C mov byte ptr [si + 2], al
0FCD  83c603                            C add si, 3
0FD0  83c703                            C add di, 3
0FD3  e8de01                            C call 0x11b4
0FD6  e2e9                              C loop 0xfc1
0FD8  8b3e3d0b                          C mov di, word ptr [0xb3d]
0FDC  bebd0b                            C mov si, 0xbbd
0FDF  b91000                            C mov cx, 0x10
; loc_0FE2:
0FE2  268b05                            C mov ax, word ptr es:[di]
0FE5  86e0                              C xchg al, ah
0FE7  2304                              C and ax, word ptr [si]
0FE9  334420                            C xor ax, word ptr [si + 0x20]
0FEC  86e0                              C xchg al, ah
0FEE  23ff                              C and di, di
0FF0  7807                              C js 0xff9
0FF2  81ff403f                          C cmp di, 0x3f40
0FF6  7709                              C ja 0x1001
0FF8  ab                                C stosw word ptr es:[di], ax
; loc_0FF9:
0FF9  46                                C inc si
0FFA  46                                C inc si
0FFB  47                                C inc di
0FFC  e8b501                            C call 0x11b4
0FFF  e2e1                              C loop 0xfe2
; loc_1001:
1001  eb6e                              C jmp 0x1071
1003  90                                D .
; loc_1004:
1004  803e5d0b00                        C cmp byte ptr [0xb5d], 0
1009  7551                              C jne 0x105c
100B  e86900                            C call 0x1077
100E  3b164e0b                          C cmp dx, word ptr [0xb4e]
1012  745d                              C je 0x1071
1014  8b164e0b                          C mov dx, word ptr [0xb4e]
1018  23d2                              C and dx, dx
101A  7414                              C je 0x1030
101C  b402                              C mov ah, 2
101E  b700                              C mov bh, 0
1020  cd10                              C int 0x10
1022  a1520b                            C mov ax, word ptr [0xb52]
1025  8adc                              C mov bl, ah
1027  b409                              C mov ah, 9
1029  b700                              C mov bh, 0
102B  b90100                            C mov cx, 1
102E  cd10                              C int 0x10
; loc_1030:
1030  e84400                            C call 0x1077
1033  89164e0b                          C mov word ptr [0xb4e], dx
1037  b700                              C mov bh, 0
1039  b402                              C mov ah, 2
103B  cd10                              C int 0x10
103D  b408                              C mov ah, 8
103F  b700                              C mov bh, 0
1041  cd10                              C int 0x10
1043  a3520b                            C mov word ptr [0xb52], ax
1046  2306500b                          C and ax, word ptr [0xb50]
104A  3306720b                          C xor ax, word ptr [0xb72]
104E  8adc                              C mov bl, ah
1050  b700                              C mov bh, 0
1052  b409                              C mov ah, 9
1054  b90100                            C mov cx, 1
1057  cd10                              C int 0x10
1059  eb16                              C jmp 0x1071
105B  90                                D .
; loc_105C:
105C  8a2e300b                          C mov ch, byte ptr [0xb30]
1060  b401                              C mov ah, 1
1062  8a0e5a0b                          C mov cl, byte ptr [0xb5a]
1066  cd10                              C int 0x10
1068  e80c00                            C call 0x1077
106B  b402                              C mov ah, 2
106D  b700                              C mov bh, 0
106F  cd10                              C int 0x10
; loc_1071:
1071  07                                C pop es
1072  5a                                C pop dx
1073  59                                C pop cx
1074  5b                                C pop bx
1075  58                                C pop ax
1076  c3                                C ret 
; loc_1077:
1077  a1810b                            C mov ax, word ptr [0xb81]
107A  8b1e7a0b                          C mov bx, word ptr [0xb7a]
107E  4b                                C dec bx
107F  f7e3                              C mul bx
1081  8b1e7d0b                          C mov bx, word ptr [0xb7d]
1085  f7f3                              C div bx
1087  d1e2                              C shl dx, 1
1089  3bd3                              C cmp dx, bx
108B  7201                              C jb 0x108e
108D  40                                C inc ax
; loc_108E:
108E  50                                C push ax
108F  a1870b                            C mov ax, word ptr [0xb87]
1092  bb1900                            C mov bx, 0x19
1095  f7e3                              C mul bx
1097  8b1e830b                          C mov bx, word ptr [0xb83]
109B  f7f3                              C div bx
109D  d1e2                              C shl dx, 1
109F  3bd3                              C cmp dx, bx
10A1  7201                              C jb 0x10a4
10A3  40                                C inc ax
; loc_10A4:
10A4  5a                                C pop dx
10A5  8af0                              C mov dh, al
10A7  c3                                C ret 
; mouse_reset:
10A8  bf270b                            C mov di, 0xb27
10AB  b93200                            C mov cx, 0x32
10AE  33c0                              C xor ax, ax
10B0  f3aa                              C rep stosb byte ptr es:[di], al
10B2  c706890bffff                      C mov word ptr [0xb89], 0xffff
10B8  c7065b0bffff                      C mov word ptr [0xb5b], 0xffff
10BE  c6065a0b07                        C mov byte ptr [0xb5a], 7
10C3  c6065d0b01                        C mov byte ptr [0xb5d], 1
10C8  c706720b180f                      C mov word ptr [0xb72], 0xf18
10CE  c7066e0b0100                      C mov word ptr [0xb6e], 1
10D4  c706700b0100                      C mov word ptr [0xb70], 1
10DA  c7066a0b7f02                      C mov word ptr [0xb6a], 0x27f
10E0  a1830b                            C mov ax, word ptr [0xb83]
10E3  48                                C dec ax
10E4  a36c0b                            C mov word ptr [0xb6c], ax
10E7  c706810b4001                      C mov word ptr [0xb81], 0x140
10ED  a1830b                            C mov ax, word ptr [0xb83]
10F0  d1e8                              C shr ax, 1
10F2  a3870b                            C mov word ptr [0xb87], ax
10F5  c7067f0b0100                      C mov word ptr [0xb7f], 1
10FB  c706850b0200                      C mov word ptr [0xb85], 2
1101  c606650b02                        C mov byte ptr [0xb65], 2
1106  b92000                            C mov cx, 0x20
1109  befd0b                            C mov si, 0xbfd
110C  bfbd0b                            C mov di, 0xbbd
110F  f3a5                              C rep movsw word ptr es:[di], word ptr [si]
1111  b520                              C mov ch, 0x20
1113  b401                              C mov ah, 1
1115  8a0e5a0b                          C mov cl, byte ptr [0xb5a]
1119  cd10                              C int 0x10
111B  b8ffff                            C mov ax, 0xffff
111E  bb0300                            C mov bx, 3
1121  33c9                              C xor cx, cx
1123  33d2                              C xor dx, dx
1125  c3                                C ret 
; mouse_show:
1126  a15b0b                            C mov ax, word ptr [0xb5b]
1129  23c0                              C and ax, ax
112B  740a                              C je 0x1137
112D  40                                C inc ax
112E  c706890bffff                      C mov word ptr [0xb89], 0xffff
1134  a35b0b                            C mov word ptr [0xb5b], ax
; loc_1137:
1137  c3                                C ret 
; mouse_hide:
1138  53                                C push bx
1139  51                                C push cx
113A  52                                C push dx
113B  c706890bffff                      C mov word ptr [0xb89], 0xffff
1141  ff0e5b0b                          C dec word ptr [0xb5b]
1145  833e5b0bff                        C cmp word ptr [0xb5b], -1
114A  7561                              C jne 0x11ad
114C  b520                              C mov ch, 0x20
114E  b401                              C mov ah, 1
1150  8a0e5a0b                          C mov cl, byte ptr [0xb5a]
1154  cd10                              C int 0x10
1156  f6067c0b08                        C test byte ptr [0xb7c], 8
115B  7527                              C jne 0x1184
115D  a13f0b                            C mov ax, word ptr [0xb3f]
1160  23c0                              C and ax, ax
1162  741d                              C je 0x1181
1164  06                                C push es
1165  8ec0                              C mov es, ax
1167  8b3e3d0b                          C mov di, word ptr [0xb3d]
116B  b91000                            C mov cx, 0x10
116E  be8d0b                            C mov si, 0xb8d
; loc_1171:
1171  ad                                C lodsw ax, word ptr [si]
1172  ab                                C stosw word ptr es:[di], ax
1173  ac                                C lodsb al, byte ptr [si]
1174  aa                                C stosb byte ptr es:[di], al
1175  e83c00                            C call 0x11b4
1178  e2f7                              C loop 0x1171
117A  c7063f0b0000                      C mov word ptr [0xb3f], 0
1180  07                                C pop es
; loc_1181:
1181  eb2a                              C jmp 0x11ad
1183  90                                D .
; loc_1184:
1184  803e5d0b00                        C cmp byte ptr [0xb5d], 0
1189  7522                              C jne 0x11ad
118B  8b164e0b                          C mov dx, word ptr [0xb4e]
118F  23d2                              C and dx, dx
1191  741a                              C je 0x11ad
1193  c7064e0b0000                      C mov word ptr [0xb4e], 0
1199  b402                              C mov ah, 2
119B  b700                              C mov bh, 0
119D  cd10                              C int 0x10
119F  a1520b                            C mov ax, word ptr [0xb52]
11A2  8adc                              C mov bl, ah
11A4  b409                              C mov ah, 9
11A6  b700                              C mov bh, 0
11A8  b90100                            C mov cx, 1
11AB  cd10                              C int 0x10
; loc_11AD:
11AD  5a                                C pop dx
11AE  59                                C pop cx
11AF  5b                                C pop bx
11B0  a15b0b                            C mov ax, word ptr [0xb5b]
11B3  c3                                C ret 
; loc_11B4:
11B4  f6067c0b03                        C test byte ptr [0xb7c], 3
11B9  7404                              C je 0x11bf
11BB  83c74d                            C add di, 0x4d
11BE  c3                                C ret 
; loc_11BF:
11BF  f7c70020                          C test di, 0x2000
11C3  7505                              C jne 0x11ca
11C5  81c7fd1f                          C add di, 0x1ffd
11C9  c3                                C ret 
; loc_11CA:
11CA  81efb31f                          C sub di, 0x1fb3
11CE  c3                                C ret 
; mouse_position:
11CF  e80b02                            C call 0x13dd
11D2  8b1e2e0b                          C mov bx, word ptr [0xb2e]
11D6  8b0e810b                          C mov cx, word ptr [0xb81]
11DA  8b16870b                          C mov dx, word ptr [0xb87]
11DE  c3                                C ret 
; mouse_set_position:
11DF  890e810b                          C mov word ptr [0xb81], cx
11E3  8916870b                          C mov word ptr [0xb87], dx
11E7  c706440b0000                      C mov word ptr [0xb44], 0
11ED  c706420b0000                      C mov word ptr [0xb42], 0
11F3  c706390b0000                      C mov word ptr [0xb39], 0
11F9  c7063b0b0000                      C mov word ptr [0xb3b], 0
11FF  c706330b0000                      C mov word ptr [0xb33], 0
1205  c706350b0000                      C mov word ptr [0xb35], 0
120B  c3                                C ret 
; mouse_press_info:
120C  e8ce01                            C call 0x13dd
120F  83fb01                            C cmp bx, 1
1212  740f                              C je 0x1223
1214  771a                              C ja 0x1230
1216  8b1e480b                          C mov bx, word ptr [0xb48]
121A  c706480b0000                      C mov word ptr [0xb48], 0
1220  eb18                              C jmp 0x123a
1222  90                                D .
; loc_1223:
1223  8b1e4c0b                          C mov bx, word ptr [0xb4c]
1227  c7064c0b0000                      C mov word ptr [0xb4c], 0
122D  eb0b                              C jmp 0x123a
122F  90                                D .
; loc_1230:
1230  8b1e4a0b                          C mov bx, word ptr [0xb4a]
1234  c7064a0b0000                      C mov word ptr [0xb4a], 0
; loc_123A:
123A  a12e0b                            C mov ax, word ptr [0xb2e]
123D  8b0e810b                          C mov cx, word ptr [0xb81]
1241  8b16870b                          C mov dx, word ptr [0xb87]
1245  c3                                C ret 
; mouse_release_info:
1246  e89401                            C call 0x13dd
1249  83fb01                            C cmp bx, 1
124C  740f                              C je 0x125d
124E  771a                              C ja 0x126a
1250  8b1e270b                          C mov bx, word ptr [0xb27]
1254  c706270b0000                      C mov word ptr [0xb27], 0
125A  eb18                              C jmp 0x1274
125C  90                                D .
; loc_125D:
125D  8b1e2b0b                          C mov bx, word ptr [0xb2b]
1261  c7062b0b0000                      C mov word ptr [0xb2b], 0
1267  eb0b                              C jmp 0x1274
1269  90                                D .
; loc_126A:
126A  8b1e290b                          C mov bx, word ptr [0xb29]
126E  c706290b0000                      C mov word ptr [0xb29], 0
; loc_1274:
1274  a12e0b                            C mov ax, word ptr [0xb2e]
1277  8b0e810b                          C mov cx, word ptr [0xb81]
127B  8b16870b                          C mov dx, word ptr [0xb87]
127F  c3                                C ret 
; mouse_horizontal_bounds:
1280  3bca                              C cmp cx, dx
1282  7202                              C jb 0x1286
1284  87ca                              C xchg dx, cx
; loc_1286:
1286  890e6e0b                          C mov word ptr [0xb6e], cx
128A  89166a0b                          C mov word ptr [0xb6a], dx
128E  c3                                C ret 
; mouse_vertical_bounds:
128F  3bca                              C cmp cx, dx
1291  7202                              C jb 0x1295
1293  87ca                              C xchg dx, cx
; loc_1295:
1295  890e700b                          C mov word ptr [0xb70], cx
1299  89166c0b                          C mov word ptr [0xb6c], dx
129D  c3                                C ret 
; mouse_graphics_cursor:
129E  51                                C push cx
129F  52                                C push dx
12A0  1e                                C push ds
12A1  891e660b                          C mov word ptr [0xb66], bx
12A5  890e680b                          C mov word ptr [0xb68], cx
12A9  2e8e1e5e0b                        C mov ds, word ptr cs:[0xb5e]
12AE  8bf2                              C mov si, dx
12B0  bfbd0b                            C mov di, 0xbbd
12B3  b92000                            C mov cx, 0x20
12B6  f3a5                              C rep movsw word ptr es:[di], word ptr [si]
12B8  1f                                C pop ds
12B9  5a                                C pop dx
12BA  59                                C pop cx
12BB  c3                                C ret 
; mouse_text_cursor:
12BC  c606300b00                        C mov byte ptr [0xb30], 0
12C1  c6065a0b07                        C mov byte ptr [0xb5a], 7
12C6  881e5d0b                          C mov byte ptr [0xb5d], bl
12CA  22db                              C and bl, bl
12CC  740b                              C je 0x12d9
12CE  880e300b                          C mov byte ptr [0xb30], cl
12D2  88165a0b                          C mov byte ptr [0xb5a], dl
12D6  eb13                              C jmp 0x12eb
12D8  90                                D .
; loc_12D9:
12D9  890e500b                          C mov word ptr [0xb50], cx
12DD  8916720b                          C mov word ptr [0xb72], dx
12E1  b520                              C mov ch, 0x20
12E3  b401                              C mov ah, 1
12E5  8a0e5a0b                          C mov cl, byte ptr [0xb5a]
12E9  cd10                              C int 0x10
; loc_12EB:
12EB  c3                                C ret 
; mouse_motion:
12EC  e8ee00                            C call 0x13dd
12EF  c706390b0000                      C mov word ptr [0xb39], 0
12F5  c7063b0b0000                      C mov word ptr [0xb3b], 0
12FB  c706330b0000                      C mov word ptr [0xb33], 0
1301  c706350b0000                      C mov word ptr [0xb35], 0
1307  33c9                              C xor cx, cx
1309  33d2                              C xor dx, dx
130B  803e540b00                        C cmp byte ptr [0xb54], 0
1310  750d                              C jne 0x131f
1312  c706420b0000                      C mov word ptr [0xb42], 0
1318  c706440b0000                      C mov word ptr [0xb44], 0
131E  c3                                C ret 
; loc_131F:
131F  a1420b                            C mov ax, word ptr [0xb42]
1322  23c0                              C and ax, ax
1324  7420                              C je 0x1346
1326  781e                              C js 0x1346
1328  8b0e810b                          C mov cx, word ptr [0xb81]
132C  2bc8                              C sub cx, ax
132E  a17f0b                            C mov ax, word ptr [0xb7f]
1331  f7e1                              C mul cx
1333  d1f8                              C sar ax, 1
1335  8bc8                              C mov cx, ax
1337  8b1e870b                          C mov bx, word ptr [0xb87]
133B  2b1e440b                          C sub bx, word ptr [0xb44]
133F  a1850b                            C mov ax, word ptr [0xb85]
1342  f7e3                              C mul bx
1344  8bd0                              C mov dx, ax
; loc_1346:
1346  a1810b                            C mov ax, word ptr [0xb81]
1349  a3420b                            C mov word ptr [0xb42], ax
134C  a1870b                            C mov ax, word ptr [0xb87]
134F  a3440b                            C mov word ptr [0xb44], ax
1352  c3                                C ret 
1353  cb                                D .
; mouse_callback:
1354  fa                                C cli 
1355  890e370b                          C mov word ptr [0xb37], cx
1359  8916600b                          C mov word ptr [0xb60], dx
135D  c606650b02                        C mov byte ptr [0xb65], 2
1362  c706390b0000                      C mov word ptr [0xb39], 0
1368  c7063b0b0000                      C mov word ptr [0xb3b], 0
136E  c706330b0000                      C mov word ptr [0xb33], 0
1374  c706350b0000                      C mov word ptr [0xb35], 0
137A  a15e0b                            C mov ax, word ptr [0xb5e]
137D  a3620b                            C mov word ptr [0xb62], ax
1380  23c0                              C and ax, ax
1382  750b                              C jne 0x138f
1384  8cc8                              C mov ax, cs
1386  a3620b                            C mov word ptr [0xb62], ax
1389  b85313                            C mov ax, 0x1353
138C  a3600b                            C mov word ptr [0xb60], ax
; loc_138F:
138F  fb                                C sti 
1390  06                                C push es
1391  52                                C push dx
1392  833e780b00                        C cmp word ptr [0xb78], 0
1397  7522                              C jne 0x13bb
1399  33c0                              C xor ax, ax
139B  8ec0                              C mov es, ax
139D  fa                                C cli 
139E  bb2000                            C mov bx, 0x20
13A1  268b07                            C mov ax, word ptr es:[bx]
13A4  a3760b                            C mov word ptr [0xb76], ax
13A7  268b4702                          C mov ax, word ptr es:[bx + 2]
13AB  a3780b                            C mov word ptr [0xb78], ax
13AE  8cc8                              C mov ax, cs
13B0  26894702                          C mov word ptr es:[bx + 2], ax
13B4  b8650c                            C mov ax, 0xc65
13B7  268907                            C mov word ptr es:[bx], ax
13BA  fb                                C sti 
; loc_13BB:
13BB  5a                                C pop dx
13BC  07                                C pop es
13BD  c3                                C ret 
; mouse_noop_13:
13BE  c3                                C ret 
; mouse_ratios:
13BF  83f901                            C cmp cx, 1
13C2  7d03                              C jge 0x13c7
13C4  b90100                            C mov cx, 1
; loc_13C7:
13C7  83fa01                            C cmp dx, 1
13CA  7d03                              C jge 0x13cf
13CC  ba0100                            C mov dx, 1
; loc_13CF:
13CF  890e7f0b                          C mov word ptr [0xb7f], cx
13D3  d1e2                              C shl dx, 1
13D5  8916850b                          C mov word ptr [0xb85], dx
13D9  c3                                C ret 
; mouse_large_cursor_unsupported:
13DA  33c0                              C xor ax, ax
13DC  c3                                C ret 
; mouse_poll:
13DD  803e640b02                        C cmp byte ptr [0xb64], 2
13E2  7201                              C jb 0x13e5
13E4  c3                                C ret 
; loc_13E5:
13E5  53                                C push bx
13E6  51                                C push cx
13E7  52                                C push dx
13E8  06                                C push es
13E9  57                                C push di
13EA  55                                C push bp
13EB  0e                                C push cs
13EC  07                                C pop es
13ED  fc                                C cld 
13EE  e8e2f2                            C call 0x6d3
13F1  a1ca06                            C mov ax, word ptr [0x6ca]
13F4  23c0                              C and ax, ax
13F6  7903                              C jns 0x13fb
13F8  e98c00                            C jmp 0x1487
; loc_13FB:
13FB  8b1e7d0b                          C mov bx, word ptr [0xb7d]
13FF  f7e3                              C mul bx
1401  bb0f27                            C mov bx, 0x270f
1404  f7f3                              C div bx
1406  3b066a0b                          C cmp ax, word ptr [0xb6a]
140A  7603                              C jbe 0x140f
140C  a16a0b                            C mov ax, word ptr [0xb6a]
; loc_140F:
140F  3b066e0b                          C cmp ax, word ptr [0xb6e]
1413  7303                              C jae 0x1418
1415  a16e0b                            C mov ax, word ptr [0xb6e]
; loc_1418:
1418  3b06550b                          C cmp ax, word ptr [0xb55]
141C  740f                              C je 0x142d
141E  810e310b0100                      C or word ptr [0xb31], 1
1424  a3550b                            C mov word ptr [0xb55], ax
1427  a0250b                            C mov al, byte ptr [0xb25]
142A  a2260b                            C mov byte ptr [0xb26], al
; loc_142D:
142D  a1cc06                            C mov ax, word ptr [0x6cc]
1430  8b1e830b                          C mov bx, word ptr [0xb83]
1434  f7e3                              C mul bx
1436  bb0f27                            C mov bx, 0x270f
1439  f7f3                              C div bx
143B  3b066c0b                          C cmp ax, word ptr [0xb6c]
143F  7603                              C jbe 0x1444
1441  a16c0b                            C mov ax, word ptr [0xb6c]
; loc_1444:
1444  3b06700b                          C cmp ax, word ptr [0xb70]
1448  7303                              C jae 0x144d
144A  a1700b                            C mov ax, word ptr [0xb70]
; loc_144D:
144D  3b06570b                          C cmp ax, word ptr [0xb57]
1451  740f                              C je 0x1462
1453  a3570b                            C mov word ptr [0xb57], ax
1456  810e310b0100                      C or word ptr [0xb31], 1
145C  a0250b                            C mov al, byte ptr [0xb25]
145F  a2260b                            C mov byte ptr [0xb26], al
; loc_1462:
1462  fe0e260b                          C dec byte ptr [0xb26]
1466  7510                              C jne 0x1478
; loc_1468:
1468  a1550b                            C mov ax, word ptr [0xb55]
146B  a3810b                            C mov word ptr [0xb81], ax
146E  a1570b                            C mov ax, word ptr [0xb57]
1471  a3870b                            C mov word ptr [0xb87], ax
1474  fe06260b                          C inc byte ptr [0xb26]
; loc_1478:
1478  c606540b01                        C mov byte ptr [0xb54], 1
147D  a1810b                            C mov ax, word ptr [0xb81]
1480  23c0                              C and ax, ax
1482  74e4                              C je 0x1468
1484  eb11                              C jmp 0x1497
1486  90                                D .
; loc_1487:
1487  c606260b01                        C mov byte ptr [0xb26], 1
148C  a0540b                            C mov al, byte ptr [0xb54]
148F  a22d0b                            C mov byte ptr [0xb2d], al
1492  c606540b00                        C mov byte ptr [0xb54], 0
; loc_1497:
1497  c7062e0b0000                      C mov word ptr [0xb2e], 0
149D  32e4                              C xor ah, ah
149F  a0590b                            C mov al, byte ptr [0xb59]
14A2  803e540b00                        C cmp byte ptr [0xb54], 0
14A7  751c                              C jne 0x14c5
14A9  0a26460b                          C or ah, byte ptr [0xb46]
14AD  a804                              C test al, 4
14AF  7503                              C jne 0x14b4
14B1  80e4fe                            C and ah, 0xfe
; loc_14B4:
14B4  a808                              C test al, 8
14B6  7503                              C jne 0x14bb
14B8  80e4fd                            C and ah, 0xfd
; loc_14BB:
14BB  a802                              C test al, 2
14BD  7503                              C jne 0x14c2
14BF  80e4fb                            C and ah, 0xfb
; loc_14C2:
14C2  eb1a                              C jmp 0x14de
14C4  90                                D .
; loc_14C5:
14C5  0a26750b                          C or ah, byte ptr [0xb75]
14C9  a804                              C test al, 4
14CB  7403                              C je 0x14d0
14CD  80cc01                            C or ah, 1
; loc_14D0:
14D0  a808                              C test al, 8
14D2  7403                              C je 0x14d7
14D4  80cc02                            C or ah, 2
; loc_14D7:
14D7  a802                              C test al, 2
14D9  7403                              C je 0x14de
14DB  80cc04                            C or ah, 4
; loc_14DE:
14DE  803e2d0b00                        C cmp byte ptr [0xb2d], 0
14E3  7404                              C je 0x14e9
14E5  0a26740b                          C or ah, byte ptr [0xb74]
; loc_14E9:
14E9  88262e0b                          C mov byte ptr [0xb2e], ah
14ED  a0460b                            C mov al, byte ptr [0xb46]
14F0  8826460b                          C mov byte ptr [0xb46], ah
14F4  32c4                              C xor al, ah
14F6  7460                              C je 0x1558
14F8  a801                              C test al, 1
14FA  741c                              C je 0x1518
14FC  f6c401                            C test ah, 1
14FF  750d                              C jne 0x150e
1501  810e310b0400                      C or word ptr [0xb31], 4
1507  ff06270b                          C inc word ptr [0xb27]
150B  eb0b                              C jmp 0x1518
150D  90                                D .
; loc_150E:
150E  ff06480b                          C inc word ptr [0xb48]
1512  810e310b0200                      C or word ptr [0xb31], 2
; loc_1518:
1518  a802                              C test al, 2
151A  741c                              C je 0x1538
151C  f6c402                            C test ah, 2
151F  750d                              C jne 0x152e
1521  810e310b1000                      C or word ptr [0xb31], 0x10
1527  ff062b0b                          C inc word ptr [0xb2b]
152B  eb0b                              C jmp 0x1538
152D  90                                D .
; loc_152E:
152E  ff064c0b                          C inc word ptr [0xb4c]
1532  810e310b0800                      C or word ptr [0xb31], 8
; loc_1538:
1538  a804                              C test al, 4
153A  741c                              C je 0x1558
153C  f6c404                            C test ah, 4
153F  750d                              C jne 0x154e
1541  810e310b4000                      C or word ptr [0xb31], 0x40
1547  ff06290b                          C inc word ptr [0xb29]
154B  eb0b                              C jmp 0x1558
154D  90                                D .
; loc_154E:
154E  ff064a0b                          C inc word ptr [0xb4a]
1552  810e310b2000                      C or word ptr [0xb31], 0x20
; loc_1558:
1558  5d                                C pop bp
1559  5f                                C pop di
155A  07                                C pop es
155B  5a                                C pop dx
155C  59                                C pop cx
155D  5b                                C pop bx
155E  c3                                C ret 
155F  90000000000000000000000000000000  D ................
156F  00125465737420636f6d706c65746520  D ..Test complete 
157F  2d204f4b0d0aff19546f756368205061  D - OK....Touch Pa
158F  6e656c204e6565647320536572766963  D nel Needs Servic
159F  650d0aff1853656c656374206c696e65  D e....Select line
15AF  2077726170206661696c7572650d0aff  D  wrap failure...
15BF  19436f6e74726f6c206c696e65207772  D .Control line wr
15CF  6170206661696c7572650d0aff174144  D ap failure....AD
15DF  4320427573792057696c6c204e6f7420  D C Busy Will Not 
15EF  52657365740d0aff19546f7563682050  D Reset....Touch P
15FF  616e656c204e6f7420436f6e6e656374  D anel Not Connect
160F  65640d0aff1441444320436f6e766572  D ed....ADC Conver
161F  73696f6e204572726f720d0aff19526f  D sion Error....Ro
162F  6f6d204c69676874204c6576656c2054  D om Light Level T
163F  6f6f20486967680d0aff1a546f756368  D oo High....Touch
164F  2050616e656c20526563656976657220  D  Panel Receiver 
165F  4572726f720d0aff0d4e6f204c454420  D Error....No LED 
166F  4f75747075740d0aff0f4c4544204f75  D Output....LED Ou
167F  74707574205765616b0d0aff12414443  D tput Weak....ADC
168F  2057696c6c204e6f742053746172740d  D  Will Not Start.
169F  0aff0d3132562046757365204f70656e  D ...12V Fuse Open
16AF  0d0aff0d0a507265737320456e746572  D .....Press Enter
16BF  20746f20436f6e74696e75650d0aff00  D  to Continue....
16CF  00000000000000000000000000000000  D ................
16DF  00000000000000000000000000000000  D ................
16EF  00000000000000000000000000000000  D ................
16FF  00000000000000000000000000000000  D ................
170F  000000000000000000000000000000ff  D ................
171F  ffffffffffffffffffffffffffffffff  D ................
172F  ffffffffffffffffffffffffffffffff  D ................
173F  ffffffffffffffffffffffffffffffff  D ................
174F  ffffffffffffffffffffffffffffffff  D ................
175F  ffffffffffffffffffffffffffffff20  D ............... 
176F  20202020202020202020202020202020  D                 
177F  20202020202020202020202020202020  D                 
178F  20202020202020202020202020202020  D                 
179F  20202020202020202020202020202020  D                 
17AF  202020202020202020202020202020ff  D                .
17BF  00110000000000000000000000000000  D ................
17CF  00000000000000000000000000000000  D ................
17DF  00000000000000000000000000000000  D ................
17EF  00000000000000000000000000000000  D ................
17FF  00000000000000000000000000000000  D ................
180F  00000000000000000000000000000000  D ................
181F  00000000000000000000000000000000  D ................
182F  00000000000000000000000000000000  D ................
183F  0000000000000000000000            D ...........
; service_optical_scan:
184A  53                                C push bx
184B  51                                C push cx
184C  52                                C push dx
184D  06                                C push es
184E  57                                C push di
184F  56                                C push si
1850  55                                C push bp
1851  0e                                C push cs
1852  07                                C pop es
1853  fc                                C cld 
1854  33c0                              C xor ax, ax
1856  b90800                            C mov cx, 8
1859  bfc117                            C mov di, 0x17c1
185C  f3aa                              C rep stosb byte ptr es:[di], al
185E  33db                              C xor bx, bx
1860  b380                              C mov bl, 0x80
1862  bfc117                            C mov di, 0x17c1
1865  beca17                            C mov si, 0x17ca
; loc_1868:
1868  8ac7                              C mov al, bh
186A  e83800                            C call 0x18a5
186D  8804                              C mov byte ptr [si], al
186F  46                                C inc si
1870  2c10                              C sub al, 0x10
1872  7902                              C jns 0x1876
1874  32c0                              C xor al, al
; loc_1876:
1876  a2bf17                            C mov byte ptr [0x17bf], al
1879  8ac7                              C mov al, bh
187B  e84600                            C call 0x18c4
187E  8804                              C mov byte ptr [si], al
1880  46                                C inc si
1881  3a06bf17                          C cmp al, byte ptr [0x17bf]
1885  7202                              C jb 0x1889
1887  081d                              C or byte ptr [di], bl
; loc_1889:
1889  d0cb                              C ror bl, 1
188B  fec7                              C inc bh
188D  f6c707                            C test bh, 7
1890  7509                              C jne 0x189b
1892  47                                C inc di
1893  80e7f0                            C and bh, 0xf0
1896  80c710                            C add bh, 0x10
1899  7802                              C js 0x189d
; loc_189B:
189B  ebcb                              C jmp 0x1868
; loc_189D:
189D  5d                                C pop bp
189E  5e                                C pop si
189F  5f                                C pop di
18A0  07                                C pop es
18A1  5a                                C pop dx
18A2  59                                C pop cx
18A3  5b                                C pop bx
18A4  c3                                C ret 
; loc_18A5:
18A5  50                                C push ax
18A6  ba02f3                            C mov dx, 0xf302
18A9  b000                              C mov al, 0
18AB  ee                                C out dx, al
18AC  ba00f3                            C mov dx, 0xf300
18AF  58                                C pop ax
18B0  ee                                C out dx, al
18B1  ba02f3                            C mov dx, 0xf302
18B4  b004                              C mov al, 4
18B6  ee                                C out dx, al
18B7  b000                              C mov al, 0
18B9  ee                                C out dx, al
18BA  ba7000                            C mov dx, 0x70
; loc_18BD:
18BD  4a                                C dec dx
18BE  75fd                              C jne 0x18bd
18C0  e82300                            C call 0x18e6
18C3  c3                                C ret 
; loc_18C4:
18C4  ba00f3                            C mov dx, 0xf300
18C7  ee                                C out dx, al
18C8  ba02f3                            C mov dx, 0xf302
18CB  b001                              C mov al, 1
18CD  ee                                C out dx, al
18CE  b000                              C mov al, 0
18D0  ee                                C out dx, al
18D1  b002                              C mov al, 2
18D3  ee                                C out dx, al
18D4  ba6000                            C mov dx, 0x60
; loc_18D7:
18D7  4a                                C dec dx
18D8  75fd                              C jne 0x18d7
18DA  e80900                            C call 0x18e6
18DD  50                                C push ax
18DE  ba02f3                            C mov dx, 0xf302
18E1  b000                              C mov al, 0
18E3  ee                                C out dx, al
18E4  58                                C pop ax
18E5  c3                                C ret 
; loc_18E6:
18E6  51                                C push cx
18E7  ba02f3                            C mov dx, 0xf302
18EA  ec                                C in al, dx
18EB  0c08                              C or al, 8
18ED  ee                                C out dx, al
18EE  3408                              C xor al, 8
18F0  ee                                C out dx, al
18F1  b93200                            C mov cx, 0x32
; loc_18F4:
18F4  ec                                C in al, dx
18F5  a808                              C test al, 8
18F7  e0fb                              C loopne 0x18f4
18F9  ba03f3                            C mov dx, 0xf303
18FC  ec                                C in al, dx
18FD  253f00                            C and ax, 0x3f
1900  59                                C pop cx
1901  c3                                C ret 
; loc_1902:
1902  50                                C push ax
; loc_1903:
1903  2e8a04                            C mov al, byte ptr cs:[si]
1906  3cff                              C cmp al, 0xff
1908  740a                              C je 0x1914
190A  b40e                              C mov ah, 0xe
190C  bb0700                            C mov bx, 7
190F  cd10                              C int 0x10
1911  46                                C inc si
1912  ebef                              C jmp 0x1903
; loc_1914:
1914  58                                C pop ax
1915  c3                                C ret 
1916  b80001cd1674f933c0cd163c0d75f1c3  D .....t.3...<.u..
; loc_1926:
1926  b80001                            C mov ax, 0x100
1929  cd16                              C int 0x16
192B  7406                              C je 0x1933
192D  33c0                              C xor ax, ax
192F  cd16                              C int 0x16
1931  ebf3                              C jmp 0x1926
; loc_1933:
1933  b80001                            C mov ax, 0x100
1936  cd16                              C int 0x16
1938  74f9                              C je 0x1933
193A  33c0                              C xor ax, ax
193C  cd16                              C int 0x16
193E  c3                                C ret 
; loc_193F:
193F  c3                                C ret 
1940  5351565706b8000fcd103c117408a2c0  D SQVW......<.t...
1950  17b81100cd10bfce16b8ffffb95000f3  D .............P..
1960  aabfce16bec117bb0500acb90800d0e0  D ................
1970  7204c705000083c702e2f34b75ecb800  D r..........Ku...
1980  a08ec033ffbec617bb0300acbd080056  D ...3...........V
1990  d0e07211ba1400bece16b92800f3a54a  D ..r........(...J
19A0  75f5eb0f90ba1400be1e17b92800f3a5  D u...........(...
19B0  4a75f54d75da5e4b75d1075f5e595bc3  D Ju.Mu.^Ku.._^Y[.
; loc_19C0:
19C0  50                                C push ax
19C1  51                                C push cx
19C2  57                                C push di
19C3  06                                C push es
19C4  b8000f                            C mov ax, 0xf00
19C7  cd10                              C int 0x10
19C9  32e4                              C xor ah, ah
19CB  cd10                              C int 0x10
19CD  b80002                            C mov ax, 0x200
19D0  33d2                              C xor dx, dx
19D2  33db                              C xor bx, bx
19D4  cd10                              C int 0x10
19D6  07                                C pop es
19D7  5f                                C pop di
19D8  59                                C pop cx
19D9  58                                C pop ax
19DA  c3                                C ret 
; initial_selftest:
19DB  ba00f3                            C mov dx, 0xf300
19DE  b0ff                              C mov al, 0xff
19E0  8ae0                              C mov ah, al
19E2  ee                                C out dx, al
19E3  ba01f3                            C mov dx, 0xf301
19E6  ec                                C in al, dx
19E7  a840                              C test al, 0x40
19E9  751a                              C jne 0x1a05
19EB  32e4                              C xor ah, ah
; loc_19ED:
19ED  ba00f3                            C mov dx, 0xf300
19F0  8ac4                              C mov al, ah
19F2  ee                                C out dx, al
19F3  ba01f3                            C mov dx, 0xf301
19F6  ec                                C in al, dx
19F7  a840                              C test al, 0x40
19F9  740a                              C je 0x1a05
19FB  fec4                              C inc ah
19FD  80fcff                            C cmp ah, 0xff
1A00  75eb                              C jne 0x19ed
1A02  eb0c                              C jmp 0x1a10
1A04  90                                D .
; loc_1A05:
1A05  bea415                            C mov si, 0x15a4
1A08  b001                              C mov al, 1
1A0A  e83f01                            C call 0x1b4c
1A0D  e93b01                            C jmp 0x1b4b
; loc_1A10:
1A10  ba02f3                            C mov dx, 0xf302
1A13  ec                                C in al, dx
1A14  24f0                              C and al, 0xf0
1A16  8ad8                              C mov bl, al
1A18  b90700                            C mov cx, 7
; loc_1A1B:
1A1B  8ac3                              C mov al, bl
1A1D  0ac1                              C or al, cl
1A1F  ee                                C out dx, al
1A20  8ae0                              C mov ah, al
1A22  eb01                              C jmp 0x1a25
1A24  90                                D .
; loc_1A25:
1A25  ec                                C in al, dx
1A26  24f7                              C and al, 0xf7
1A28  3ae0                              C cmp ah, al
1A2A  7514                              C jne 0x1a40
1A2C  e2ed                              C loop 0x1a1b
1A2E  8ac3                              C mov al, bl
1A30  ee                                C out dx, al
1A31  eb01                              C jmp 0x1a34
1A33  90                                D .
; loc_1A34:
1A34  ec                                C in al, dx
1A35  24f7                              C and al, 0xf7
1A37  8ae3                              C mov ah, bl
1A39  3ac4                              C cmp al, ah
1A3B  7503                              C jne 0x1a40
1A3D  eb13                              C jmp 0x1a52
1A3F  90                                D .
; loc_1A40:
1A40  ba02f3                            C mov dx, 0xf302
1A43  ec                                C in al, dx
1A44  24f0                              C and al, 0xf0
1A46  ee                                C out dx, al
1A47  bec015                            C mov si, 0x15c0
1A4A  b002                              C mov al, 2
1A4C  e8fd00                            C call 0x1b4c
1A4F  e9f900                            C jmp 0x1b4b
; loc_1A52:
1A52  ba03f3                            C mov dx, 0xf303
1A55  ec                                C in al, dx
1A56  ba02f3                            C mov dx, 0xf302
1A59  ec                                C in al, dx
1A5A  b408                              C mov ah, 8
1A5C  84c4                              C test ah, al
1A5E  7429                              C je 0x1a89
1A60  0c08                              C or al, 8
1A62  ee                                C out dx, al
1A63  3408                              C xor al, 8
1A65  ee                                C out dx, al
1A66  b93200                            C mov cx, 0x32
; loc_1A69:
1A69  ec                                C in al, dx
1A6A  a808                              C test al, 8
1A6C  740d                              C je 0x1a7b
1A6E  e2f9                              C loop 0x1a69
1A70  be8c16                            C mov si, 0x168c
1A73  b00b                              C mov al, 0xb
1A75  e8d400                            C call 0x1b4c
1A78  e9d000                            C jmp 0x1b4b
; loc_1A7B:
1A7B  ba03f3                            C mov dx, 0xf303
1A7E  ec                                C in al, dx
1A7F  ba02f3                            C mov dx, 0xf302
1A82  ec                                C in al, dx
1A83  b408                              C mov ah, 8
1A85  84c4                              C test ah, al
1A87  750b                              C jne 0x1a94
; loc_1A89:
1A89  bedd15                            C mov si, 0x15dd
1A8C  b003                              C mov al, 3
1A8E  e8bb00                            C call 0x1b4c
1A91  e9b700                            C jmp 0x1b4b
; loc_1A94:
1A94  ba01f3                            C mov dx, 0xf301
1A97  ec                                C in al, dx
1A98  b480                              C mov ah, 0x80
1A9A  84c4                              C test ah, al
1A9C  740b                              C je 0x1aa9
1A9E  bef815                            C mov si, 0x15f8
1AA1  b004                              C mov al, 4
1AA3  e8a600                            C call 0x1b4c
1AA6  e9a200                            C jmp 0x1b4b
; loc_1AA9:
1AA9  e89efd                            C call 0x184a
1AAC  33c0                              C xor ax, ax
1AAE  bfc117                            C mov di, 0x17c1
1AB1  ab                                C stosw word ptr es:[di], ax
1AB2  ab                                C stosw word ptr es:[di], ax
1AB3  aa                                C stosb byte ptr es:[di], al
1AB4  bfc617                            C mov di, 0x17c6
1AB7  ab                                C stosw word ptr es:[di], ax
1AB8  aa                                C stosb byte ptr es:[di], al
1AB9  beca17                            C mov si, 0x17ca
1ABC  bfc117                            C mov di, 0x17c1
1ABF  bb8000                            C mov bx, 0x80
; loc_1AC2:
1AC2  b90800                            C mov cx, 8
; loc_1AC5:
1AC5  ad                                C lodsw ax, word ptr [si]
1AC6  3c1e                              C cmp al, 0x1e
1AC8  7304                              C jae 0x1ace
1ACA  081d                              C or byte ptr [di], bl
1ACC  fec7                              C inc bh
; loc_1ACE:
1ACE  d0cb                              C ror bl, 1
1AD0  e2f3                              C loop 0x1ac5
1AD2  47                                C inc di
1AD3  81ffc617                          C cmp di, 0x17c6
1AD7  72e9                              C jb 0x1ac2
1AD9  7503                              C jne 0x1ade
1ADB  bfc617                            C mov di, 0x17c6
; loc_1ADE:
1ADE  81ffc917                          C cmp di, 0x17c9
1AE2  75de                              C jne 0x1ac2
1AE4  22ff                              C and bh, bh
1AE6  7418                              C je 0x1b00
1AE8  e8d5fe                            C call 0x19c0
1AEB  e851fe                            C call 0x193f
1AEE  be2d16                            C mov si, 0x162d
1AF1  b007                              C mov al, 7
1AF3  e85600                            C call 0x1b4c
1AF6  a0c017                            C mov al, byte ptr [0x17c0]
1AF9  32e4                              C xor ah, ah
1AFB  cd10                              C int 0x10
1AFD  eb4c                              C jmp 0x1b4b
1AFF  90                                D .
; loc_1B00:
1B00  e847fd                            C call 0x184a
1B03  a1c117                            C mov ax, word ptr [0x17c1]
1B06  0b06c317                          C or ax, word ptr [0x17c3]
1B0A  0a06c517                          C or al, byte ptr [0x17c5]
1B0E  0a06c617                          C or al, byte ptr [0x17c6]
1B12  0b06c717                          C or ax, word ptr [0x17c7]
1B16  7418                              C je 0x1b30
1B18  e8a5fe                            C call 0x19c0
1B1B  e821fe                            C call 0x193f
1B1E  be6816                            C mov si, 0x1668
1B21  b009                              C mov al, 9
1B23  e82600                            C call 0x1b4c
1B26  a0c017                            C mov al, byte ptr [0x17c0]
1B29  32e4                              C xor ah, ah
1B2B  cd10                              C int 0x10
1B2D  eb1c                              C jmp 0x1b4b
1B2F  90                                D .
; loc_1B30:
1B30  ba01f3                            C mov dx, 0xf301
1B33  ec                                C in al, dx
1B34  b401                              C mov ah, 1
1B36  84c4                              C test ah, al
1B38  750b                              C jne 0x1b45
1B3A  bea216                            C mov si, 0x16a2
1B3D  b091                              C mov al, 0x91
1B3F  e80a00                            C call 0x1b4c
1B42  eb07                              C jmp 0x1b4b
1B44  90                                D .
; loc_1B45:
1B45  be7115                            C mov si, 0x1571
1B48  e8b7fd                            C call 0x1902
; loc_1B4B:
1B4B  c3                                C ret 
; loc_1B4C:
1B4C  56                                C push si
1B4D  be8715                            C mov si, 0x1587
1B50  e8affd                            C call 0x1902
; loc_1B53:
1B53  beb216                            C mov si, 0x16b2
1B56  e8a9fd                            C call 0x1902
; loc_1B59:
1B59  e8cafd                            C call 0x1926
1B5C  3c0d                              C cmp al, 0xd
1B5E  740b                              C je 0x1b6b
1B60  3c3f                              C cmp al, 0x3f
1B62  75f5                              C jne 0x1b59
1B64  5e                                C pop si
1B65  56                                C push si
1B66  e899fd                            C call 0x1902
1B69  ebe8                              C jmp 0x1b53
; loc_1B6B:
1B6B  5e                                C pop si
1B6C  c3                                C ret 
